name,level
english200,Fluent
Tamil1,Basic
Tamil2,Conversational
Tamil3,Fluent
Tamil4,Basic
Tamil5,Conversational
Tamil6,Fluent
Tamil7,Basic
Tamil8,Conversational
Tamil9,Fluent
Tamil10,Basic
Tamil11,Conversational
Tamil12,Fluent
Tamil13,Basic
Tamil14,Conversational
Tamil15,Fluent
Tamil16,Basic
Tamil17,Conversational
Tamil18,Fluent
Tamil19,Basic
Tamil20,Conversational
Tamil21,Fluent
Tamil22,Basic
Tamil23,Conversational
Tamil24,Fluent
Tamil25,Basic
Tamil26,Conversational
Tamil27,Fluent
Tamil28,Basic
Tamil29,Conversational
Tamil30,Fluent
Tamil31,Basic
Tamil32,Conversational
Tamil33,Fluent
Tamil34,Basic
Tamil35,Conversational
Tamil36,Fluent
Tamil37,Basic
Tamil38,Conversational
Tamil39,Fluent
Tamil40,Basic
Tamil41,Conversational
Tamil42,Fluent
Tamil43,Basic
Tamil44,Conversational
Tamil45,Fluent
Tamil46,Basic
Tamil47,Conversational
Tamil48,Fluent
Tamil49,Basic
Tamil50,Conversational
Tamil51,Fluent
Tamil52,Basic
Tamil53,Conversational
Tamil54,Fluent
Tamil55,Basic
Tamil56,Conversational
Tamil57,Fluent
Tamil58,Basic
Tamil59,Conversational
Tamil60,Fluent
Tamil61,Basic
Tamil62,Conversational
Tamil63,Fluent
Tamil64,Basic
Tamil65,Conversational
Tamil66,Fluent
Tamil67,Basic
Tamil68,Conversational
Tamil69,Fluent
Tamil70,Basic
Tamil71,Conversational
Tamil72,Fluent
Tamil73,Basic
Tamil74,Conversational
Tamil75,Fluent
Tamil76,Basic
Tamil77,Conversational
Tamil78,Fluent
Tamil79,Basic
Tamil80,Conversational
Tamil81,Fluent
Tamil82,Basic
Tamil83,Conversational
Tamil84,Fluent
Tamil85,Basic
Tamil86,Conversational
Tamil87,Fluent
Tamil88,Basic
Tamil89,Conversational
Tamil90,Fluent
Tamil91,Basic
Tamil92,Conversational
Tamil93,Fluent
Tamil94,Basic
Tamil95,Conversational
Tamil96,Fluent
Tamil97,Basic
Tamil98,Conversational
Tamil99,Fluent
Tamil100,Basic
Tamil101,Conversational
Tamil102,Fluent
Tamil103,Basic
Tamil104,Conversational
Tamil105,Fluent
Tamil106,Basic
Tamil107,Conversational
Tamil108,Fluent
Tamil109,Basic
Tamil110,Conversational
Tamil111,Fluent
Tamil112,Basic
Tamil113,Conversational
Tamil114,Fluent
Tamil115,Basic
Tamil116,Conversational
Tamil117,Fluent
Tamil118,Basic
Tamil119,Conversational
Tamil120,Fluent
Tamil121,Basic
Tamil122,Conversational
Tamil123,Fluent
Tamil124,Basic
Tamil125,Conversational
Tamil126,Fluent
Tamil127,Basic
Tamil128,Conversational
Tamil129,Fluent
Tamil130,Basic
Tamil131,Conversational
Tamil132,Fluent
Tamil133,Basic
Tamil134,Conversational
Tamil135,Fluent
Tamil136,Basic
Tamil137,Conversational
Tamil138,Fluent
Tamil139,Basic
Tamil140,Conversational
Tamil141,Fluent
Tamil142,Basic
Tamil143,Conversational
Tamil144,Fluent
Tamil145,Basic
Tamil146,Conversational
Tamil147,Fluent
Tamil148,Basic
Tamil149,Conversational
Tamil150,Fluent
Tamil151,Basic
Tamil152,Conversational
Tamil153,Fluent
Tamil154,Basic
Tamil155,Conversational
Tamil156,Fluent
Tamil157,Basic
Tamil158,Conversational
Tamil159,Fluent
Tamil160,Basic
Tamil161,Conversational
Tamil162,Fluent
Tamil163,Basic
Tamil164,Conversational
Tamil165,Fluent
Tamil166,Basic
Tamil167,Conversational
Tamil168,Fluent
Tamil169,Basic
Tamil170,Conversational
Tamil171,Fluent
