Skill,ExperienceLevel
C++,Intermediate
Python1,Beginner
Python2,Intermediate
Python3,Expert
Python4,Beginner
Python5,Intermediate
Python6,Expert
Python7,Beginner
Python8,Intermediate
Python9,Expert
Python10,Beginner
Python11,Intermediate
Python12,Expert
Python13,Beginner
Python14,Intermediate
Python15,Expert
Python16,Beginner
Python17,Intermediate
Python18,Expert
Python19,Beginner
Python20,Intermediate
Python21,Expert
Python22,Beginner
Python23,Intermediate
Python24,Expert
Python25,Beginner
Python26,Intermediate
Python27,Expert
Python28,Beginner
Python29,Intermediate
Python30,Expert
Python31,Beginner
Python32,Intermediate
Python33,Expert
Python34,Beginner
Python35,Intermediate
Python36,Expert
Python37,Beginner
Python38,Intermediate
Python39,Expert
Python40,Beginner
Python41,Intermediate
Python42,Expert
Python43,Beginner
Python44,Intermediate
Python45,Expert
Python46,Beginner
Python47,Intermediate
Python48,Expert
Python49,Beginner
Python50,Intermediate
Python51,Expert
Python52,Beginner
Python53,Intermediate
Python54,Expert
Python55,Beginner
Python56,Intermediate
Python57,Expert
Python58,Beginner
Python59,Intermediate
Python60,Expert
Python61,Beginner
Python62,Intermediate
Python63,Expert
Python64,Beginner
Python65,Intermediate
Python66,Expert
Python67,Beginner
Python68,Intermediate
Python69,Expert
Python70,Beginner
Python71,Intermediate
Python72,Expert
Python73,Beginner
Python74,Intermediate
Python75,Expert
Python76,Beginner
Python77,Intermediate
Python78,Expert
Python79,Beginner
Python80,Intermediate
Python81,Expert
Python82,Beginner
Python83,Intermediate
Python84,Expert
Python85,Beginner
Python86,Intermediate
Python87,Expert
Python88,Beginner
Python89,Intermediate
Python90,Expert
Python91,Beginner
Python92,Intermediate
Python93,Expert
Python94,Beginner
Python95,Intermediate
Python96,Expert
Python97,Beginner
Python98,Intermediate
Python99,Expert
Python100,Beginner
Python101,Intermediate
Python102,Expert
Python103,Beginner
Python104,Intermediate
Python105,Expert
Python106,Beginner
Python107,Intermediate
Python108,Expert
Python109,Beginner
Python110,Intermediate
Python111,Expert
Python112,Beginner
Python113,Intermediate
Python114,Expert
Python115,Beginner
Python116,Intermediate
Python117,Expert
Python118,Beginner
Python119,Intermediate
Python120,Expert
Python121,Beginner
Python122,Intermediate
Python123,Expert
Python124,Beginner
Python125,Intermediate
Python126,Expert
Python127,Beginner
Python128,Intermediate
Python129,Expert
Python130,Beginner
Python131,Intermediate
Python132,Expert
Python133,Beginner
Python134,Intermediate
Python135,Expert
Python136,Beginner
Python137,Intermediate
Python138,Expert
Python139,Beginner
Python140,Intermediate
Python141,Expert
Python142,Beginner
Python143,Intermediate
Python144,Expert
Python145,Beginner
Python146,Intermediate
Python147,Expert
Python148,Beginner
Python149,Intermediate
Python150,Expert
Python151,Beginner
Python152,Intermediate
Python153,Expert
Python154,Beginner
Python155,Intermediate
Python156,Expert
Python157,Beginner
Python158,Intermediate
Python159,Expert
Python160,Beginner
Python161,Intermediate
Python162,Expert
Python163,Beginner
Python164,Intermediate
Python165,Expert
Python166,Beginner
Python167,Intermediate
Python168,Expert
Python169,Beginner
Python170,Intermediate
Python171,Expert