firstName,lastName,email,password
testUser1,testUser1,testUser1@gmail.com,Password1
testUser2,testUser2,testUser2@gmail.com,Password1
testUser3,testUser3,testUser3@gmail.com,Password1
testUser4,testUser4,testUser4@gmail.com,Password1
testUser5,testUser5,testUser5@gmail.com,Password1
testUser6,testUser6,testUser6@gmail.com,Password1
testUser7,testUser7,testUser7@gmail.com,Password1
testUser8,testUser8,testUser8@gmail.com,Password1
testUser9,testUser9,testUser9@gmail.com,Password1
testUser10,testUser10,testUser10@gmail.com,Password1
testUser11,testUser11,testUser11@gmail.com,Password1
testUser12,testUser12,testUser12@gmail.com,Password1
testUser13,testUser13,testUser13@gmail.com,Password1
testUser14,testUser14,testUser14@gmail.com,Password1
testUser15,testUser15,testUser15@gmail.com,Password1
testUser16,testUser16,testUser16@gmail.com,Password1
testUser17,testUser17,testUser17@gmail.com,Password1
testUser18,testUser18,testUser18@gmail.com,Password1
testUser19,testUser19,testUser19@gmail.com,Password1
testUser20,testUser20,testUser20@gmail.com,Password1
testUser21,testUser21,testUser21@gmail.com,Password1
testUser22,testUser22,testUser22@gmail.com,Password1
testUser23,testUser23,testUser23@gmail.com,Password1
testUser24,testUser24,testUser24@gmail.com,Password1
testUser25,testUser25,testUser25@gmail.com,Password1
testUser26,testUser26,testUser26@gmail.com,Password1
testUser27,testUser27,testUser27@gmail.com,Password1
testUser28,testUser28,testUser28@gmail.com,Password1
testUser29,testUser29,testUser29@gmail.com,Password1
testUser30,testUser30,testUser30@gmail.com,Password1
testUser31,testUser31,testUser31@gmail.com,Password1
testUser32,testUser32,testUser32@gmail.com,Password1
testUser33,testUser33,testUser33@gmail.com,Password1
testUser34,testUser34,testUser34@gmail.com,Password1
testUser35,testUser35,testUser35@gmail.com,Password1
testUser36,testUser36,testUser36@gmail.com,Password1
testUser37,testUser37,testUser37@gmail.com,Password1
testUser38,testUser38,testUser38@gmail.com,Password1
testUser39,testUser39,testUser39@gmail.com,Password1
testUser40,testUser40,testUser40@gmail.com,Password1
testUser41,testUser41,testUser41@gmail.com,Password1
testUser42,testUser42,testUser42@gmail.com,Password1
testUser43,testUser43,testUser43@gmail.com,Password1
testUser44,testUser44,testUser44@gmail.com,Password1
testUser45,testUser45,testUser45@gmail.com,Password1
testUser46,testUser46,testUser46@gmail.com,Password1
testUser47,testUser47,testUser47@gmail.com,Password1
testUser48,testUser48,testUser48@gmail.com,Password1
testUser49,testUser49,testUser49@gmail.com,Password1
testUser50,testUser50,testUser50@gmail.com,Password1
testUser51,testUser51,testUser51@gmail.com,Password1
testUser52,testUser52,testUser52@gmail.com,Password1
testUser53,testUser53,testUser53@gmail.com,Password1
testUser54,testUser54,testUser54@gmail.com,Password1
testUser55,testUser55,testUser55@gmail.com,Password1
testUser56,testUser56,testUser56@gmail.com,Password1
testUser57,testUser57,testUser57@gmail.com,Password1
testUser58,testUser58,testUser58@gmail.com,Password1
testUser59,testUser59,testUser59@gmail.com,Password1
testUser60,testUser60,testUser60@gmail.com,Password1
testUser61,testUser61,testUser61@gmail.com,Password1
testUser62,testUser62,testUser62@gmail.com,Password1
testUser63,testUser63,testUser63@gmail.com,Password1
testUser64,testUser64,testUser64@gmail.com,Password1
testUser65,testUser65,testUser65@gmail.com,Password1
testUser66,testUser66,testUser66@gmail.com,Password1
testUser67,testUser67,testUser67@gmail.com,Password1
testUser68,testUser68,testUser68@gmail.com,Password1
testUser69,testUser69,testUser69@gmail.com,Password1
testUser70,testUser70,testUser70@gmail.com,Password1
testUser71,testUser71,testUser71@gmail.com,Password1
testUser72,testUser72,testUser72@gmail.com,Password1
testUser73,testUser73,testUser73@gmail.com,Password1
testUser74,testUser74,testUser74@gmail.com,Password1
testUser75,testUser75,testUser75@gmail.com,Password1
testUser76,testUser76,testUser76@gmail.com,Password1
testUser77,testUser77,testUser77@gmail.com,Password1
testUser78,testUser78,testUser78@gmail.com,Password1
testUser79,testUser79,testUser79@gmail.com,Password1
testUser80,testUser80,testUser80@gmail.com,Password1
testUser81,testUser81,testUser81@gmail.com,Password1
testUser82,testUser82,testUser82@gmail.com,Password1
testUser83,testUser83,testUser83@gmail.com,Password1
testUser84,testUser84,testUser84@gmail.com,Password1
testUser85,testUser85,testUser85@gmail.com,Password1
testUser86,testUser86,testUser86@gmail.com,Password1
testUser87,testUser87,testUser87@gmail.com,Password1
testUser88,testUser88,testUser88@gmail.com,Password1
testUser89,testUser89,testUser89@gmail.com,Password1
testUser90,testUser90,testUser90@gmail.com,Password1
testUser91,testUser91,testUser91@gmail.com,Password1
testUser92,testUser92,testUser92@gmail.com,Password1
testUser93,testUser93,testUser93@gmail.com,Password1
testUser94,testUser94,testUser94@gmail.com,Password1
testUser95,testUser95,testUser95@gmail.com,Password1
testUser96,testUser96,testUser96@gmail.com,Password1
testUser97,testUser97,testUser97@gmail.com,Password1
testUser98,testUser98,testUser98@gmail.com,Password1
testUser99,testUser99,testUser99@gmail.com,Password1
testUser100,testUser100,testUser100@gmail.com,Password1
testUser101,testUser101,testUser101@gmail.com,Password1
testUser102,testUser102,testUser102@gmail.com,Password1
testUser103,testUser103,testUser103@gmail.com,Password1
testUser104,testUser104,testUser104@gmail.com,Password1
testUser105,testUser105,testUser105@gmail.com,Password1
testUser106,testUser106,testUser106@gmail.com,Password1
testUser107,testUser107,testUser107@gmail.com,Password1
testUser108,testUser108,testUser108@gmail.com,Password1
testUser109,testUser109,testUser109@gmail.com,Password1
testUser110,testUser110,testUser110@gmail.com,Password1
testUser111,testUser111,testUser111@gmail.com,Password1
testUser112,testUser112,testUser112@gmail.com,Password1
testUser113,testUser113,testUser113@gmail.com,Password1
testUser114,testUser114,testUser114@gmail.com,Password1
testUser115,testUser115,testUser115@gmail.com,Password1
testUser116,testUser116,testUser116@gmail.com,Password1
testUser117,testUser117,testUser117@gmail.com,Password1
testUser118,testUser118,testUser118@gmail.com,Password1
testUser119,testUser119,testUser119@gmail.com,Password1
testUser120,testUser120,testUser120@gmail.com,Password1
testUser121,testUser121,testUser121@gmail.com,Password1
testUser122,testUser122,testUser122@gmail.com,Password1
testUser123,testUser123,testUser123@gmail.com,Password1
testUser124,testUser124,testUser124@gmail.com,Password1
testUser125,testUser125,testUser125@gmail.com,Password1
testUser126,testUser126,testUser126@gmail.com,Password1
testUser127,testUser127,testUser127@gmail.com,Password1
testUser128,testUser128,testUser128@gmail.com,Password1
testUser129,testUser129,testUser129@gmail.com,Password1
testUser130,testUser130,testUser130@gmail.com,Password1
testUser131,testUser131,testUser131@gmail.com,Password1
testUser132,testUser132,testUser132@gmail.com,Password1
testUser133,testUser133,testUser133@gmail.com,Password1
testUser134,testUser134,testUser134@gmail.com,Password1
testUser135,testUser135,testUser135@gmail.com,Password1
testUser136,testUser136,testUser136@gmail.com,Password1
testUser137,testUser137,testUser137@gmail.com,Password1
testUser138,testUser138,testUser138@gmail.com,Password1
testUser139,testUser139,testUser139@gmail.com,Password1
testUser140,testUser140,testUser140@gmail.com,Password1
testUser141,testUser141,testUser141@gmail.com,Password1
testUser142,testUser142,testUser142@gmail.com,Password1
testUser143,testUser143,testUser143@gmail.com,Password1
testUser144,testUser144,testUser144@gmail.com,Password1
testUser145,testUser145,testUser145@gmail.com,Password1
testUser146,testUser146,testUser146@gmail.com,Password1
testUser147,testUser147,testUser147@gmail.com,Password1
testUser148,testUser148,testUser148@gmail.com,Password1
testUser149,testUser149,testUser149@gmail.com,Password1
testUser150,testUser150,testUser150@gmail.com,Password1
testUser151,testUser151,testUser151@gmail.com,Password1
testUser152,testUser152,testUser152@gmail.com,Password1
testUser153,testUser153,testUser153@gmail.com,Password1
testUser154,testUser154,testUser154@gmail.com,Password1
testUser155,testUser155,testUser155@gmail.com,Password1
testUser156,testUser156,testUser156@gmail.com,Password1
testUser157,testUser157,testUser157@gmail.com,Password1
testUser158,testUser158,testUser158@gmail.com,Password1
testUser159,testUser159,testUser159@gmail.com,Password1
testUser160,testUser160,testUser160@gmail.com,Password1
testUser161,testUser161,testUser161@gmail.com,Password1
testUser162,testUser162,testUser162@gmail.com,Password1
testUser163,testUser163,testUser163@gmail.com,Password1
testUser164,testUser164,testUser164@gmail.com,Password1
testUser165,testUser165,testUser165@gmail.com,Password1
testUser166,testUser166,testUser166@gmail.com,Password1
testUser167,testUser167,testUser167@gmail.com,Password1
testUser168,testUser168,testUser168@gmail.com,Password1
testUser169,testUser169,testUser169@gmail.com,Password1
testUser170,testUser170,testUser170@gmail.com,Password1
testUser171,testUser171,testUser171@gmail.com,Password1
testUser172,testUser172,testUser172@gmail.com,Password1
testUser173,testUser173,testUser173@gmail.com,Password1
testUser174,testUser174,testUser174@gmail.com,Password1
testUser175,testUser175,testUser175@gmail.com,Password1
testUser176,testUser176,testUser176@gmail.com,Password1
testUser177,testUser177,testUser177@gmail.com,Password1
testUser178,testUser178,testUser178@gmail.com,Password1
testUser179,testUser179,testUser179@gmail.com,Password1
testUser180,testUser180,testUser180@gmail.com,Password1
testUser181,testUser181,testUser181@gmail.com,Password1
testUser182,testUser182,testUser182@gmail.com,Password1
testUser183,testUser183,testUser183@gmail.com,Password1
testUser184,testUser184,testUser184@gmail.com,Password1
testUser185,testUser185,testUser185@gmail.com,Password1
testUser186,testUser186,testUser186@gmail.com,Password1
testUser187,testUser187,testUser187@gmail.com,Password1
testUser188,testUser188,testUser188@gmail.com,Password1
testUser189,testUser189,testUser189@gmail.com,Password1
testUser190,testUser190,testUser190@gmail.com,Password1
testUser191,testUser191,testUser191@gmail.com,Password1
testUser192,testUser192,testUser192@gmail.com,Password1
testUser193,testUser193,testUser193@gmail.com,Password1
testUser194,testUser194,testUser194@gmail.com,Password1
testUser195,testUser195,testUser195@gmail.com,Password1
testUser196,testUser196,testUser196@gmail.com,Password1
testUser197,testUser197,testUser197@gmail.com,Password1
testUser198,testUser198,testUser198@gmail.com,Password1
testUser199,testUser199,testUser199@gmail.com,Password1
testUser200,testUser200,testUser200@gmail.com,Password1
testUser201,testUser201,testUser201@gmail.com,Password1
testUser202,testUser202,testUser202@gmail.com,Password1
testUser203,testUser203,testUser203@gmail.com,Password1
testUser204,testUser204,testUser204@gmail.com,Password1
testUser205,testUser205,testUser205@gmail.com,Password1
testUser206,testUser206,testUser206@gmail.com,Password1
testUser207,testUser207,testUser207@gmail.com,Password1
testUser208,testUser208,testUser208@gmail.com,Password1
testUser209,testUser209,testUser209@gmail.com,Password1
testUser210,testUser210,testUser210@gmail.com,Password1
testUser211,testUser211,testUser211@gmail.com,Password1
testUser212,testUser212,testUser212@gmail.com,Password1
testUser213,testUser213,testUser213@gmail.com,Password1
testUser214,testUser214,testUser214@gmail.com,Password1
testUser215,testUser215,testUser215@gmail.com,Password1
testUser216,testUser216,testUser216@gmail.com,Password1
testUser217,testUser217,testUser217@gmail.com,Password1
testUser218,testUser218,testUser218@gmail.com,Password1
testUser219,testUser219,testUser219@gmail.com,Password1
testUser220,testUser220,testUser220@gmail.com,Password1
testUser221,testUser221,testUser221@gmail.com,Password1
testUser222,testUser222,testUser222@gmail.com,Password1
testUser223,testUser223,testUser223@gmail.com,Password1
testUser224,testUser224,testUser224@gmail.com,Password1
testUser225,testUser225,testUser225@gmail.com,Password1
testUser226,testUser226,testUser226@gmail.com,Password1
testUser227,testUser227,testUser227@gmail.com,Password1
testUser228,testUser228,testUser228@gmail.com,Password1
testUser229,testUser229,testUser229@gmail.com,Password1
testUser230,testUser230,testUser230@gmail.com,Password1
testUser231,testUser231,testUser231@gmail.com,Password1
testUser232,testUser232,testUser232@gmail.com,Password1
testUser233,testUser233,testUser233@gmail.com,Password1
testUser234,testUser234,testUser234@gmail.com,Password1
testUser235,testUser235,testUser235@gmail.com,Password1
testUser236,testUser236,testUser236@gmail.com,Password1
testUser237,testUser237,testUser237@gmail.com,Password1
testUser238,testUser238,testUser238@gmail.com,Password1
testUser239,testUser239,testUser239@gmail.com,Password1
testUser240,testUser240,testUser240@gmail.com,Password1
testUser241,testUser241,testUser241@gmail.com,Password1
testUser242,testUser242,testUser242@gmail.com,Password1
testUser243,testUser243,testUser243@gmail.com,Password1
testUser244,testUser244,testUser244@gmail.com,Password1
testUser245,testUser245,testUser245@gmail.com,Password1
testUser246,testUser246,testUser246@gmail.com,Password1
testUser247,testUser247,testUser247@gmail.com,Password1
testUser248,testUser248,testUser248@gmail.com,Password1
testUser249,testUser249,testUser249@gmail.com,Password1
testUser250,testUser250,testUser250@gmail.com,Password1
testUser251,testUser251,testUser251@gmail.com,Password1
testUser252,testUser252,testUser252@gmail.com,Password1
testUser253,testUser253,testUser253@gmail.com,Password1
testUser254,testUser254,testUser254@gmail.com,Password1
testUser255,testUser255,testUser255@gmail.com,Password1
testUser256,testUser256,testUser256@gmail.com,Password1
testUser257,testUser257,testUser257@gmail.com,Password1
testUser258,testUser258,testUser258@gmail.com,Password1
testUser259,testUser259,testUser259@gmail.com,Password1
testUser260,testUser260,testUser260@gmail.com,Password1
testUser261,testUser261,testUser261@gmail.com,Password1
testUser262,testUser262,testUser262@gmail.com,Password1
testUser263,testUser263,testUser263@gmail.com,Password1
testUser264,testUser264,testUser264@gmail.com,Password1
testUser265,testUser265,testUser265@gmail.com,Password1
testUser266,testUser266,testUser266@gmail.com,Password1
testUser267,testUser267,testUser267@gmail.com,Password1
testUser268,testUser268,testUser268@gmail.com,Password1
testUser269,testUser269,testUser269@gmail.com,Password1
testUser270,testUser270,testUser270@gmail.com,Password1
testUser271,testUser271,testUser271@gmail.com,Password1
testUser272,testUser272,testUser272@gmail.com,Password1
testUser273,testUser273,testUser273@gmail.com,Password1
testUser274,testUser274,testUser274@gmail.com,Password1
testUser275,testUser275,testUser275@gmail.com,Password1
testUser276,testUser276,testUser276@gmail.com,Password1
testUser277,testUser277,testUser277@gmail.com,Password1
testUser278,testUser278,testUser278@gmail.com,Password1
testUser279,testUser279,testUser279@gmail.com,Password1
testUser280,testUser280,testUser280@gmail.com,Password1
testUser281,testUser281,testUser281@gmail.com,Password1
testUser282,testUser282,testUser282@gmail.com,Password1
testUser283,testUser283,testUser283@gmail.com,Password1
testUser284,testUser284,testUser284@gmail.com,Password1
testUser285,testUser285,testUser285@gmail.com,Password1
testUser286,testUser286,testUser286@gmail.com,Password1
testUser287,testUser287,testUser287@gmail.com,Password1
testUser288,testUser288,testUser288@gmail.com,Password1
testUser289,testUser289,testUser289@gmail.com,Password1
testUser290,testUser290,testUser290@gmail.com,Password1
testUser291,testUser291,testUser291@gmail.com,Password1
testUser292,testUser292,testUser292@gmail.com,Password1
testUser293,testUser293,testUser293@gmail.com,Password1
testUser294,testUser294,testUser294@gmail.com,Password1
testUser295,testUser295,testUser295@gmail.com,Password1
testUser296,testUser296,testUser296@gmail.com,Password1
testUser297,testUser297,testUser297@gmail.com,Password1
testUser298,testUser298,testUser298@gmail.com,Password1
testUser299,testUser299,testUser299@gmail.com,Password1
testUser300,testUser300,testUser300@gmail.com,Password1
testUser301,testUser301,testUser301@gmail.com,Password1
testUser302,testUser302,testUser302@gmail.com,Password1
testUser303,testUser303,testUser303@gmail.com,Password1
testUser304,testUser304,testUser304@gmail.com,Password1
testUser305,testUser305,testUser305@gmail.com,Password1
testUser306,testUser306,testUser306@gmail.com,Password1
testUser307,testUser307,testUser307@gmail.com,Password1
testUser308,testUser308,testUser308@gmail.com,Password1
testUser309,testUser309,testUser309@gmail.com,Password1
testUser310,testUser310,testUser310@gmail.com,Password1
testUser311,testUser311,testUser311@gmail.com,Password1
testUser312,testUser312,testUser312@gmail.com,Password1
testUser313,testUser313,testUser313@gmail.com,Password1
testUser314,testUser314,testUser314@gmail.com,Password1
testUser315,testUser315,testUser315@gmail.com,Password1
testUser316,testUser316,testUser316@gmail.com,Password1
testUser317,testUser317,testUser317@gmail.com,Password1
testUser318,testUser318,testUser318@gmail.com,Password1
testUser319,testUser319,testUser319@gmail.com,Password1
testUser320,testUser320,testUser320@gmail.com,Password1
testUser321,testUser321,testUser321@gmail.com,Password1
testUser322,testUser322,testUser322@gmail.com,Password1
testUser323,testUser323,testUser323@gmail.com,Password1
testUser324,testUser324,testUser324@gmail.com,Password1
testUser325,testUser325,testUser325@gmail.com,Password1
testUser326,testUser326,testUser326@gmail.com,Password1
testUser327,testUser327,testUser327@gmail.com,Password1
testUser328,testUser328,testUser328@gmail.com,Password1
testUser329,testUser329,testUser329@gmail.com,Password1
testUser330,testUser330,testUser330@gmail.com,Password1
testUser331,testUser331,testUser331@gmail.com,Password1
testUser332,testUser332,testUser332@gmail.com,Password1
testUser333,testUser333,testUser333@gmail.com,Password1
testUser334,testUser334,testUser334@gmail.com,Password1
testUser335,testUser335,testUser335@gmail.com,Password1
testUser336,testUser336,testUser336@gmail.com,Password1
testUser337,testUser337,testUser337@gmail.com,Password1
testUser338,testUser338,testUser338@gmail.com,Password1
testUser339,testUser339,testUser339@gmail.com,Password1
testUser340,testUser340,testUser340@gmail.com,Password1
testUser341,testUser341,testUser341@gmail.com,Password1
testUser342,testUser342,testUser342@gmail.com,Password1
testUser343,testUser343,testUser343@gmail.com,Password1
testUser344,testUser344,testUser344@gmail.com,Password1
testUser345,testUser345,testUser345@gmail.com,Password1
testUser346,testUser346,testUser346@gmail.com,Password1
testUser347,testUser347,testUser347@gmail.com,Password1
testUser348,testUser348,testUser348@gmail.com,Password1
testUser349,testUser349,testUser349@gmail.com,Password1
testUser350,testUser350,testUser350@gmail.com,Password1
testUser351,testUser351,testUser351@gmail.com,Password1
testUser352,testUser352,testUser352@gmail.com,Password1
testUser353,testUser353,testUser353@gmail.com,Password1
testUser354,testUser354,testUser354@gmail.com,Password1
testUser355,testUser355,testUser355@gmail.com,Password1
testUser356,testUser356,testUser356@gmail.com,Password1
testUser357,testUser357,testUser357@gmail.com,Password1
testUser358,testUser358,testUser358@gmail.com,Password1
testUser359,testUser359,testUser359@gmail.com,Password1
testUser360,testUser360,testUser360@gmail.com,Password1
testUser361,testUser361,testUser361@gmail.com,Password1
testUser362,testUser362,testUser362@gmail.com,Password1
testUser363,testUser363,testUser363@gmail.com,Password1
testUser364,testUser364,testUser364@gmail.com,Password1
testUser365,testUser365,testUser365@gmail.com,Password1
testUser366,testUser366,testUser366@gmail.com,Password1
testUser367,testUser367,testUser367@gmail.com,Password1
testUser368,testUser368,testUser368@gmail.com,Password1
testUser369,testUser369,testUser369@gmail.com,Password1
testUser370,testUser370,testUser370@gmail.com,Password1
testUser371,testUser371,testUser371@gmail.com,Password1
testUser372,testUser372,testUser372@gmail.com,Password1
testUser373,testUser373,testUser373@gmail.com,Password1
testUser374,testUser374,testUser374@gmail.com,Password1
testUser375,testUser375,testUser375@gmail.com,Password1
testUser376,testUser376,testUser376@gmail.com,Password1
testUser377,testUser377,testUser377@gmail.com,Password1
testUser378,testUser378,testUser378@gmail.com,Password1
testUser379,testUser379,testUser379@gmail.com,Password1
testUser380,testUser380,testUser380@gmail.com,Password1
testUser381,testUser381,testUser381@gmail.com,Password1
testUser382,testUser382,testUser382@gmail.com,Password1
testUser383,testUser383,testUser383@gmail.com,Password1
testUser384,testUser384,testUser384@gmail.com,Password1
testUser385,testUser385,testUser385@gmail.com,Password1
testUser386,testUser386,testUser386@gmail.com,Password1
testUser387,testUser387,testUser387@gmail.com,Password1
testUser388,testUser388,testUser388@gmail.com,Password1
testUser389,testUser389,testUser389@gmail.com,Password1
testUser390,testUser390,testUser390@gmail.com,Password1
testUser391,testUser391,testUser391@gmail.com,Password1
testUser392,testUser392,testUser392@gmail.com,Password1
testUser393,testUser393,testUser393@gmail.com,Password1
testUser394,testUser394,testUser394@gmail.com,Password1
testUser395,testUser395,testUser395@gmail.com,Password1
testUser396,testUser396,testUser396@gmail.com,Password1
testUser397,testUser397,testUser397@gmail.com,Password1
testUser398,testUser398,testUser398@gmail.com,Password1
testUser399,testUser399,testUser399@gmail.com,Password1
testUser400,testUser400,testUser400@gmail.com,Password1
testUser401,testUser401,testUser401@gmail.com,Password1
testUser402,testUser402,testUser402@gmail.com,Password1
testUser403,testUser403,testUser403@gmail.com,Password1
testUser404,testUser404,testUser404@gmail.com,Password1
testUser405,testUser405,testUser405@gmail.com,Password1
testUser406,testUser406,testUser406@gmail.com,Password1
testUser407,testUser407,testUser407@gmail.com,Password1
testUser408,testUser408,testUser408@gmail.com,Password1
testUser409,testUser409,testUser409@gmail.com,Password1
testUser410,testUser410,testUser410@gmail.com,Password1
testUser411,testUser411,testUser411@gmail.com,Password1
testUser412,testUser412,testUser412@gmail.com,Password1
testUser413,testUser413,testUser413@gmail.com,Password1
testUser414,testUser414,testUser414@gmail.com,Password1
testUser415,testUser415,testUser415@gmail.com,Password1
testUser416,testUser416,testUser416@gmail.com,Password1
testUser417,testUser417,testUser417@gmail.com,Password1
testUser418,testUser418,testUser418@gmail.com,Password1
testUser419,testUser419,testUser419@gmail.com,Password1
testUser420,testUser420,testUser420@gmail.com,Password1
testUser421,testUser421,testUser421@gmail.com,Password1
testUser422,testUser422,testUser422@gmail.com,Password1
testUser423,testUser423,testUser423@gmail.com,Password1
testUser424,testUser424,testUser424@gmail.com,Password1
testUser425,testUser425,testUser425@gmail.com,Password1
testUser426,testUser426,testUser426@gmail.com,Password1
testUser427,testUser427,testUser427@gmail.com,Password1
testUser428,testUser428,testUser428@gmail.com,Password1
testUser429,testUser429,testUser429@gmail.com,Password1
testUser430,testUser430,testUser430@gmail.com,Password1
testUser431,testUser431,testUser431@gmail.com,Password1
testUser432,testUser432,testUser432@gmail.com,Password1
testUser433,testUser433,testUser433@gmail.com,Password1
testUser434,testUser434,testUser434@gmail.com,Password1
testUser435,testUser435,testUser435@gmail.com,Password1
testUser436,testUser436,testUser436@gmail.com,Password1
testUser437,testUser437,testUser437@gmail.com,Password1
testUser438,testUser438,testUser438@gmail.com,Password1
testUser439,testUser439,testUser439@gmail.com,Password1
testUser440,testUser440,testUser440@gmail.com,Password1
testUser441,testUser441,testUser441@gmail.com,Password1
testUser442,testUser442,testUser442@gmail.com,Password1
testUser443,testUser443,testUser443@gmail.com,Password1
testUser444,testUser444,testUser444@gmail.com,Password1
testUser445,testUser445,testUser445@gmail.com,Password1
testUser446,testUser446,testUser446@gmail.com,Password1
testUser447,testUser447,testUser447@gmail.com,Password1
testUser448,testUser448,testUser448@gmail.com,Password1
testUser449,testUser449,testUser449@gmail.com,Password1
testUser450,testUser450,testUser450@gmail.com,Password1
testUser451,testUser451,testUser451@gmail.com,Password1
testUser452,testUser452,testUser452@gmail.com,Password1
testUser453,testUser453,testUser453@gmail.com,Password1
testUser454,testUser454,testUser454@gmail.com,Password1
testUser455,testUser455,testUser455@gmail.com,Password1
testUser456,testUser456,testUser456@gmail.com,Password1
testUser457,testUser457,testUser457@gmail.com,Password1
testUser458,testUser458,testUser458@gmail.com,Password1
testUser459,testUser459,testUser459@gmail.com,Password1
testUser460,testUser460,testUser460@gmail.com,Password1
testUser461,testUser461,testUser461@gmail.com,Password1
testUser462,testUser462,testUser462@gmail.com,Password1
testUser463,testUser463,testUser463@gmail.com,Password1
testUser464,testUser464,testUser464@gmail.com,Password1
testUser465,testUser465,testUser465@gmail.com,Password1
testUser466,testUser466,testUser466@gmail.com,Password1
testUser467,testUser467,testUser467@gmail.com,Password1
testUser468,testUser468,testUser468@gmail.com,Password1
testUser469,testUser469,testUser469@gmail.com,Password1
testUser470,testUser470,testUser470@gmail.com,Password1
testUser471,testUser471,testUser471@gmail.com,Password1
testUser472,testUser472,testUser472@gmail.com,Password1
testUser473,testUser473,testUser473@gmail.com,Password1
testUser474,testUser474,testUser474@gmail.com,Password1
testUser475,testUser475,testUser475@gmail.com,Password1
testUser476,testUser476,testUser476@gmail.com,Password1
testUser477,testUser477,testUser477@gmail.com,Password1
testUser478,testUser478,testUser478@gmail.com,Password1
testUser479,testUser479,testUser479@gmail.com,Password1
testUser480,testUser480,testUser480@gmail.com,Password1
testUser481,testUser481,testUser481@gmail.com,Password1
testUser482,testUser482,testUser482@gmail.com,Password1
testUser483,testUser483,testUser483@gmail.com,Password1
testUser484,testUser484,testUser484@gmail.com,Password1
testUser485,testUser485,testUser485@gmail.com,Password1
testUser486,testUser486,testUser486@gmail.com,Password1
testUser487,testUser487,testUser487@gmail.com,Password1
testUser488,testUser488,testUser488@gmail.com,Password1
testUser489,testUser489,testUser489@gmail.com,Password1
testUser490,testUser490,testUser490@gmail.com,Password1
testUser491,testUser491,testUser491@gmail.com,Password1
testUser492,testUser492,testUser492@gmail.com,Password1
testUser493,testUser493,testUser493@gmail.com,Password1
testUser494,testUser494,testUser494@gmail.com,Password1
testUser495,testUser495,testUser495@gmail.com,Password1
testUser496,testUser496,testUser496@gmail.com,Password1
testUser497,testUser497,testUser497@gmail.com,Password1
testUser498,testUser498,testUser498@gmail.com,Password1
testUser499,testUser499,testUser499@gmail.com,Password1
testUser500,testUser500,testUser500@gmail.com,Password1